{
  "1": {
    "beta": 0.5284677419354838,
    "detect": 0.47153225806451615,
    "meandist": 0.04324234324248796,
    "n": 37200
  },
  "5": {
    "beta": 0.17266129032258065,
    "detect": 0.8273387096774194,
    "meandist": 0.1687474097123745,
    "n": 37200
  },
  "20": {
    "beta": 0.05043010752688172,
    "detect": 0.9495698924731183,
    "meandist": 0.35411137369200524,
    "n": 37200
  }
}