{
  "ids": 106,
  "results": {
    "1": {
      "beta": 0.1846720575022462,
      "n": 333900,
      "mean_dist": 0.03370948687886483,
      "detect": 0.8153279424977538
    },
    "5": {
      "beta": 0.05334531296795448,
      "n": 333900,
      "mean_dist": 0.13201215459553606,
      "detect": 0.9466546870320455
    },
    "20": {
      "beta": 0.02658280922431866,
      "n": 333900,
      "mean_dist": 0.2768589074153967,
      "detect": 0.9734171907756813
    }
  },
  "synthetic": false
}