{
  "forgery_mac": {
    "TT": {
      "acc": 1.0,
      "prec": 1.0,
      "rec": 1.0,
      "f1": 1.0,
      "fp": 0,
      "fn": 0
    },
    "HMAC": {
      "acc": 1.0,
      "prec": 1.0,
      "rec": 1.0,
      "f1": 1.0,
      "fp": 0,
      "fn": 0
    }
  },
  "forgery_ml": {
    "RF": {
      "acc": 0.9176400000000001,
      "acc_sd": 0.0003664256658519276,
      "f1": 0.17567720267766487,
      "f1_sd": 0.007371484998122624,
      "prec": 0.9748084595689989,
      "rec": 0.09656
    },
    "LightGBM": {
      "acc": 0.9388327272727274,
      "acc_sd": 0.0006098258794982504,
      "f1": 0.5144449868031657,
      "f1_sd": 0.006890683328063899,
      "prec": 0.9240109072393207,
      "rec": 0.35648
    }
  },
  "fuzzing_novelID": {
    "TT_keycheck": {
      "rec": 1.0,
      "note": "novel ID has no provisioned key; rejected without crypto"
    }
  },
  "fuzzing_behavioural": {
    "RF": {
      "acc": 1.0,
      "acc_sd": 0.0,
      "f1": 1.0,
      "f1_sd": 0.0,
      "prec": 1.0,
      "rec": 1.0
    },
    "LightGBM": {
      "acc": 0.9999797324685854,
      "acc_sd": 4.053506282932773e-05,
      "f1": 0.9991031390134528,
      "f1_sd": 0.0017937219730941756,
      "prec": 0.9982142857142857,
      "rec": 1.0
    }
  }
}