{
  "LightGBM": {
    "prec": 0.8975500082505048,
    "rec": 0.9712965255273296,
    "f1": 0.9329667969769577,
    "f1_sd": 0.0022285822781024514,
    "fpr": 0.009226261357215732
  },
  "RF": {
    "prec": 0.8361961075587695,
    "rec": 0.9909855093722933,
    "f1": 0.907026884437084,
    "f1_sd": 0.0016285185362974795,
    "fpr": 0.0161561114094618
  },
  "TT": {
    "prec": 1.0,
    "rec": 1.0,
    "f1": 1.0
  },
  "_attack_rate": 0.019566976842220554,
  "_injected": 30728,
  "_total": 1570401
}